<?xml version="1.0" encoding="utf-8"?>
<!DOCTYPE hibernate-mapping PUBLIC "-//Hibernate/Hibernate Mapping DTD 3.0//EN"
"http://hibernate.sourceforge.net/hibernate-mapping-3.0.dtd">
<!-- 
    Mapping file autogenerated by MyEclipse Persistence Tools
-->
<hibernate-mapping>
    <class name="com.model.TStu" table="t_stu">
        <id name="stuId" type="java.lang.Integer">
            <column name="stu_id" />
            <generator class="increment" />
        </id>
        <property name="stuXuehao" type="java.lang.String">
            <column name="stu_xuehao" length="50" />
        </property>
        <property name="stuRealname" type="java.lang.String">
            <column name="stu_realname" length="50" />
        </property>
        <property name="stuSex" type="java.lang.String">
            <column name="stu_sex" length="50" />
        </property>
        <property name="stuAge" type="java.lang.String">
            <column name="stu_age" length="50" />
        </property>
        <property name="loginPw" type="java.lang.String">
            <column name="login_pw" length="50" />
        </property>
        <property name="zhuangtai" type="java.lang.String">
            <column name="zhuangtai" length="50" />
        </property>
        <property name="del" type="java.lang.String">
            <column name="del" length="50" />
        </property>
    </class>
</hibernate-mapping>
